Method,Time_sec,F1_overall,P_overall,R_overall,F1_actors,F1_malware,F1_tools,F1_ioc
Hybrid+alientelligence/cybersecuritythreatanalysisv2,164.567,0.4,0.469,0.541,0.391,0.717,0.425,0.391
Hybrid+gemma2:9b,363.567,0.397,0.456,0.564,0.401,0.713,0.546,0.391
Hybrid+qwen2.5:14b,350.8,0.396,0.477,0.538,0.389,0.589,0.448,0.391
Hybrid+glm4:9b,233.5,0.378,0.442,0.527,0.278,0.422,0.428,0.391
Hybrid+qwen2.5:7b,261.5,0.376,0.432,0.535,0.366,0.426,0.378,0.391
Hybrid+llama3.1:8b,227.4,0.375,0.438,0.519,0.307,0.548,0.368,0.391
Hybrid+deepseek-v2:16b,87.367,0.371,0.47,0.482,0.146,0.133,0.399,0.391
Hybrid+mistral:7b,118.533,0.369,0.434,0.521,0.236,0.376,0.369,0.391
Hybrid+qingmian/qwen2.5-14b-cybersecurity,438.133,0.336,0.484,0.408,0.0,0.0,0.0,0.391
