Method,Time_sec,F1_overall,P_overall,R_overall,F1_actors,F1_malware,F1_tools,F1_ioc,F1_fuzzy_overall
Hybrid+gemma2:9b,366.433,0.495,0.494,0.621,0.441,0.656,0.396,0.4,0.505
Hybrid+qwen2.5:14b,345.611,0.49,0.506,0.588,0.387,0.571,0.396,0.4,0.503
Hybrid+alientelligence/cybersecuritythreatanalysisv2,168.544,0.485,0.495,0.585,0.303,0.563,0.396,0.4,0.495
Hybrid+deepseek-v2:16b,89.889,0.48,0.513,0.542,0.227,0.322,0.253,0.4,0.487
Hybrid+llama3.1:8b,236.433,0.476,0.471,0.593,0.283,0.488,0.372,0.4,0.486
Hybrid+mistral:7b,112.689,0.464,0.468,0.572,0.217,0.504,0.313,0.4,0.477
Hybrid+qingmian/qwen2.5-14b-cybersecurity,416.289,0.455,0.57,0.454,0.0,0.0,0.0,0.4,0.463
Hybrid+qwen2.5:7b,286.667,0.455,0.435,0.587,0.282,0.401,0.298,0.4,0.468
Hybrid+glm4:9b,258.211,0.443,0.427,0.572,0.249,0.408,0.251,0.4,0.458
